Class,ID
drilling,5
dog_bark,7
drilling,8
dog_bark,9
gun_shot,13
drilling,14
jackhammer,16
children_playing,21
siren,23
siren,25
air_conditioner,28
car_horn,29
dog_bark,30
engine_idling,31
street_music,34
engine_idling,39
dog_bark,41
drilling,51
jackhammer,53
street_music,55
engine_idling,58
children_playing,62
siren,64
drilling,69
drilling,70
street_music,73
engine_idling,75
air_conditioner,85
children_playing,86
street_music,89
engine_idling,94
dog_bark,95
jackhammer,96
siren,98
jackhammer,102
siren,106
engine_idling,107
car_horn,108
drilling,109
street_music,110
dog_bark,111
drilling,112
drilling,115
street_music,122
drilling,124
car_horn,126
engine_idling,127
children_playing,129
drilling,133
children_playing,141
street_music,143
children_playing,144
engine_idling,145
drilling,147
engine_idling,150
drilling,151
street_music,154
jackhammer,155
jackhammer,156
dog_bark,157
drilling,158
gun_shot,161
air_conditioner,166
siren,169
jackhammer,173
engine_idling,177
jackhammer,180
gun_shot,181
siren,183
street_music,190
dog_bark,191
engine_idling,194
siren,195
drilling,198
street_music,199
children_playing,201
drilling,203
jackhammer,204
dog_bark,205
air_conditioner,206
air_conditioner,207
drilling,209
gun_shot,210
children_playing,220
jackhammer,225
children_playing,231
dog_bark,234
siren,237
air_conditioner,238
dog_bark,240
air_conditioner,241
street_music,243
street_music,244
dog_bark,254
street_music,256
jackhammer,257
street_music,259
engine_idling,262
engine_idling,265
dog_bark,266
jackhammer,267
engine_idling,273
drilling,274
drilling,279
dog_bark,281
siren,283
street_music,284
drilling,287
jackhammer,289
dog_bark,290
dog_bark,291
drilling,292
children_playing,293
drilling,294
children_playing,296
siren,297
siren,298
engine_idling,302
drilling,320
car_horn,321
siren,325
street_music,340
dog_bark,341
children_playing,344
car_horn,345
siren,362
gun_shot,373
gun_shot,375
car_horn,379
engine_idling,384
car_horn,387
engine_idling,389
engine_idling,390
engine_idling,393
air_conditioner,398
dog_bark,399
air_conditioner,403
street_music,404
street_music,405
dog_bark,409
jackhammer,415
siren,416
siren,420
street_music,421
children_playing,422
siren,424
siren,431
street_music,432
dog_bark,433
siren,434
children_playing,439
jackhammer,441
children_playing,443
drilling,448
car_horn,451
drilling,458
engine_idling,460
dog_bark,463
jackhammer,465
siren,466
dog_bark,469
dog_bark,476
children_playing,478
drilling,481
street_music,483
siren,487
siren,490
siren,492
drilling,494
air_conditioner,496
children_playing,499
street_music,502
siren,503
street_music,504
children_playing,505
car_horn,508
jackhammer,510
drilling,514
air_conditioner,517
children_playing,518
gun_shot,521
children_playing,526
air_conditioner,529
children_playing,530
children_playing,531
car_horn,535
drilling,536
drilling,539
engine_idling,541
children_playing,545
car_horn,546
children_playing,548
drilling,550
street_music,552
siren,553
engine_idling,558
engine_idling,563
dog_bark,574
dog_bark,577
siren,581
street_music,582
children_playing,588
engine_idling,591
street_music,592
dog_bark,595
gun_shot,596
drilling,601
street_music,602
jackhammer,608
children_playing,609
siren,616
engine_idling,617
jackhammer,618
siren,625
dog_bark,626
drilling,627
air_conditioner,628
dog_bark,632
jackhammer,634
engine_idling,637
siren,638
engine_idling,640
dog_bark,641
dog_bark,644
drilling,647
car_horn,649
car_horn,650
air_conditioner,653
engine_idling,667
gun_shot,668
engine_idling,672
siren,674
street_music,675
dog_bark,678
jackhammer,680
street_music,681
children_playing,682
car_horn,696
jackhammer,700
drilling,701
street_music,706
drilling,707
car_horn,708
dog_bark,711
street_music,715
dog_bark,718
jackhammer,723
children_playing,725
jackhammer,731
dog_bark,736
engine_idling,741
engine_idling,743
air_conditioner,745
street_music,747
drilling,756
drilling,759
drilling,762
drilling,763
drilling,767
siren,768
drilling,769
street_music,774
dog_bark,775
jackhammer,777
dog_bark,779
dog_bark,781
jackhammer,782
dog_bark,786
gun_shot,788
siren,789
drilling,793
air_conditioner,795
dog_bark,797
engine_idling,800
air_conditioner,805
air_conditioner,806
jackhammer,808
siren,814
dog_bark,815
air_conditioner,818
drilling,822
children_playing,823
drilling,827
drilling,828
dog_bark,831
jackhammer,836
street_music,837
children_playing,842
drilling,846
children_playing,847
siren,852
drilling,856
children_playing,861
jackhammer,862
street_music,866
drilling,873
dog_bark,877
jackhammer,879
jackhammer,880
street_music,888
dog_bark,890
dog_bark,895
engine_idling,897
street_music,902
engine_idling,903
dog_bark,908
street_music,909
jackhammer,910
drilling,917
siren,918
engine_idling,920
gun_shot,924
street_music,931
children_playing,934
drilling,935
street_music,936
dog_bark,939
street_music,940
jackhammer,942
children_playing,944
siren,947
air_conditioner,949
dog_bark,950
air_conditioner,958
car_horn,960
air_conditioner,961
street_music,962
siren,966
street_music,967
dog_bark,968
street_music,969
street_music,970
air_conditioner,974
engine_idling,976
jackhammer,981
jackhammer,982
drilling,983
siren,984
car_horn,988
dog_bark,989
street_music,992
jackhammer,993
car_horn,994
engine_idling,997
jackhammer,998
street_music,999
car_horn,1002
siren,1005
children_playing,1009
dog_bark,1010
siren,1011
air_conditioner,1012
jackhammer,1013
children_playing,1016
children_playing,1019
siren,1020
street_music,1023
engine_idling,1031
engine_idling,1033
siren,1035
engine_idling,1037
street_music,1039
drilling,1041
air_conditioner,1046
siren,1050
air_conditioner,1053
siren,1057
drilling,1060
dog_bark,1064
engine_idling,1065
drilling,1067
dog_bark,1073
jackhammer,1075
siren,1081
street_music,1084
children_playing,1086
drilling,1093
children_playing,1094
dog_bark,1095
jackhammer,1097
jackhammer,1099
engine_idling,1101
car_horn,1102
siren,1103
jackhammer,1104
street_music,1107
air_conditioner,1108
drilling,1109
jackhammer,1110
air_conditioner,1111
air_conditioner,1114
street_music,1117
drilling,1121
engine_idling,1122
jackhammer,1123
dog_bark,1124
engine_idling,1125
air_conditioner,1127
drilling,1128
siren,1130
air_conditioner,1132
air_conditioner,1135
street_music,1136
jackhammer,1138
children_playing,1140
air_conditioner,1141
engine_idling,1142
jackhammer,1144
street_music,1146
siren,1153
dog_bark,1154
car_horn,1155
siren,1159
jackhammer,1161
gun_shot,1163
engine_idling,1164
jackhammer,1165
dog_bark,1166
street_music,1167
drilling,1169
engine_idling,1170
jackhammer,1171
engine_idling,1172
jackhammer,1173
engine_idling,1177
dog_bark,1178
jackhammer,1179
air_conditioner,1184
children_playing,1185
siren,1190
street_music,1192
car_horn,1193
dog_bark,1194
street_music,1196
dog_bark,1197
street_music,1198
siren,1199
siren,1201
street_music,1202
street_music,1204
dog_bark,1207
car_horn,1208
street_music,1211
street_music,1212
street_music,1213
street_music,1215
gun_shot,1216
air_conditioner,1221
air_conditioner,1222
siren,1223
children_playing,1225
dog_bark,1227
dog_bark,1229
dog_bark,1233
drilling,1234
children_playing,1238
dog_bark,1239
siren,1247
jackhammer,1249
street_music,1250
engine_idling,1253
car_horn,1254
jackhammer,1258
air_conditioner,1260
street_music,1263
drilling,1264
car_horn,1266
dog_bark,1268
drilling,1274
street_music,1280
drilling,1281
engine_idling,1282
street_music,1283
street_music,1284
air_conditioner,1285
street_music,1288
jackhammer,1290
drilling,1291
jackhammer,1293
dog_bark,1299
car_horn,1304
air_conditioner,1307
air_conditioner,1309
jackhammer,1313
children_playing,1315
dog_bark,1320
siren,1324
street_music,1325
drilling,1331
street_music,1333
car_horn,1336
street_music,1340
siren,1342
air_conditioner,1343
jackhammer,1344
street_music,1348
street_music,1354
air_conditioner,1359
street_music,1360
children_playing,1362
car_horn,1364
air_conditioner,1369
jackhammer,1372
engine_idling,1373
children_playing,1374
siren,1375
jackhammer,1376
drilling,1379
drilling,1382
drilling,1383
car_horn,1387
drilling,1389
children_playing,1391
air_conditioner,1392
dog_bark,1395
engine_idling,1397
engine_idling,1401
gun_shot,1402
siren,1403
dog_bark,1406
street_music,1407
dog_bark,1408
children_playing,1410
drilling,1411
engine_idling,1413
siren,1416
siren,1420
drilling,1421
drilling,1422
drilling,1424
drilling,1426
street_music,1427
car_horn,1429
dog_bark,1430
siren,1433
siren,1434
street_music,1438
children_playing,1439
engine_idling,1440
children_playing,1441
air_conditioner,1442
air_conditioner,1443
siren,1445
jackhammer,1451
jackhammer,1453
dog_bark,1455
gun_shot,1456
air_conditioner,1457
car_horn,1463
dog_bark,1464
gun_shot,1465
children_playing,1466
jackhammer,1474
car_horn,1476
car_horn,1482
jackhammer,1484
children_playing,1486
engine_idling,1487
siren,1490
air_conditioner,1494
drilling,1495
siren,1499
engine_idling,1504
car_horn,1505
dog_bark,1507
dog_bark,1509
drilling,1513
dog_bark,1514
children_playing,1519
drilling,1522
air_conditioner,1524
air_conditioner,1526
children_playing,1533
street_music,1535
street_music,1538
car_horn,1539
drilling,1541
jackhammer,1543
jackhammer,1544
drilling,1545
drilling,1553
siren,1557
dog_bark,1559
street_music,1566
street_music,1568
siren,1572
siren,1575
jackhammer,1576
air_conditioner,1577
street_music,1580
air_conditioner,1582
jackhammer,1583
air_conditioner,1585
street_music,1587
children_playing,1590
jackhammer,1592
car_horn,1594
children_playing,1595
dog_bark,1596
jackhammer,1600
children_playing,1609
children_playing,1610
dog_bark,1611
gun_shot,1617
drilling,1619
dog_bark,1620
air_conditioner,1622
street_music,1624
siren,1625
drilling,1627
street_music,1631
air_conditioner,1637
drilling,1638
siren,1641
engine_idling,1642
siren,1643
dog_bark,1644
dog_bark,1645
siren,1646
children_playing,1650
siren,1654
dog_bark,1655
jackhammer,1657
dog_bark,1658
engine_idling,1659
children_playing,1662
street_music,1665
car_horn,1668
siren,1670
dog_bark,1671
engine_idling,1676
jackhammer,1682
jackhammer,1683
engine_idling,1684
street_music,1685
street_music,1691
children_playing,1692
siren,1693
siren,1694
dog_bark,1696
dog_bark,1698
drilling,1700
children_playing,1707
car_horn,1710
drilling,1712
engine_idling,1717
drilling,1721
air_conditioner,1723
siren,1726
dog_bark,1732
jackhammer,1733
drilling,1735
drilling,1740
air_conditioner,1742
children_playing,1743
siren,1747
children_playing,1752
jackhammer,1753
siren,1756
air_conditioner,1757
engine_idling,1758
street_music,1759
drilling,1762
children_playing,1764
children_playing,1770
dog_bark,1772
engine_idling,1775
children_playing,1778
children_playing,1781
gun_shot,1784
siren,1785
dog_bark,1788
street_music,1790
drilling,1793
siren,1797
car_horn,1798
jackhammer,1799
dog_bark,1804
car_horn,1810
dog_bark,1811
engine_idling,1814
engine_idling,1815
street_music,1821
drilling,1823
air_conditioner,1824
drilling,1833
dog_bark,1835
siren,1838
children_playing,1844
drilling,1845
air_conditioner,1846
drilling,1851
siren,1852
engine_idling,1855
children_playing,1857
street_music,1859
siren,1860
engine_idling,1861
street_music,1862
drilling,1865
jackhammer,1875
street_music,1878
jackhammer,1880
drilling,1882
siren,1884
jackhammer,1885
children_playing,1887
siren,1888
car_horn,1900
siren,1902
children_playing,1903
siren,1905
car_horn,1906
jackhammer,1907
street_music,1909
gun_shot,1911
jackhammer,1912
drilling,1915
gun_shot,1920
gun_shot,1926
dog_bark,1928
drilling,1930
children_playing,1931
children_playing,1934
siren,1939
drilling,1942
drilling,1951
air_conditioner,1953
street_music,1954
siren,1955
engine_idling,1959
jackhammer,1961
engine_idling,1962
dog_bark,1964
air_conditioner,1965
drilling,1969
dog_bark,1972
drilling,1975
jackhammer,1979
drilling,1981
drilling,1983
children_playing,1984
drilling,1985
children_playing,1989
siren,1990
street_music,1993
drilling,1995
gun_shot,1998
engine_idling,2003
siren,2005
street_music,2006
dog_bark,2007
children_playing,2011
drilling,2012
siren,2014
street_music,2015
jackhammer,2021
jackhammer,2024
engine_idling,2027
drilling,2030
street_music,2032
jackhammer,2034
dog_bark,2035
children_playing,2039
dog_bark,2041
air_conditioner,2044
drilling,2046
children_playing,2052
street_music,2053
dog_bark,2058
street_music,2059
drilling,2060
drilling,2061
gun_shot,2062
engine_idling,2065
jackhammer,2068
street_music,2069
dog_bark,2071
street_music,2074
engine_idling,2075
children_playing,2076
street_music,2079
jackhammer,2085
jackhammer,2086
siren,2088
dog_bark,2092
siren,2093
siren,2097
dog_bark,2100
air_conditioner,2109
children_playing,2110
jackhammer,2111
siren,2112
jackhammer,2114
air_conditioner,2115
jackhammer,2118
siren,2119
street_music,2120
street_music,2128
dog_bark,2131
jackhammer,2136
siren,2137
jackhammer,2143
children_playing,2146
engine_idling,2147
jackhammer,2151
dog_bark,2153
drilling,2155
dog_bark,2158
dog_bark,2159
drilling,2161
dog_bark,2164
dog_bark,2165
drilling,2166
jackhammer,2167
drilling,2172
engine_idling,2175
dog_bark,2176
jackhammer,2177
air_conditioner,2178
dog_bark,2181
dog_bark,2183
jackhammer,2187
air_conditioner,2189
children_playing,2202
jackhammer,2203
gun_shot,2207
drilling,2208
street_music,2211
air_conditioner,2213
siren,2214
children_playing,2215
car_horn,2221
siren,2222
car_horn,2223
children_playing,2231
children_playing,2232
street_music,2234
drilling,2239
dog_bark,2242
engine_idling,2243
dog_bark,2245
siren,2248
children_playing,2255
engine_idling,2257
siren,2261
engine_idling,2263
street_music,2266
dog_bark,2267
dog_bark,2268
street_music,2270
children_playing,2271
street_music,2272
children_playing,2274
engine_idling,2276
gun_shot,2280
drilling,2281
siren,2283
air_conditioner,2284
air_conditioner,2285
siren,2286
jackhammer,2288
siren,2289
street_music,2292
street_music,2294
engine_idling,2296
drilling,2298
drilling,2305
air_conditioner,2311
dog_bark,2315
dog_bark,2316
dog_bark,2317
drilling,2320
jackhammer,2321
children_playing,2322
children_playing,2325
street_music,2326
dog_bark,2328
street_music,2331
dog_bark,2334
dog_bark,2336
street_music,2337
street_music,2341
jackhammer,2342
siren,2346
dog_bark,2348
dog_bark,2350
drilling,2352
drilling,2355
street_music,2356
street_music,2357
engine_idling,2359
car_horn,2361
drilling,2362
siren,2365
drilling,2367
street_music,2370
children_playing,2374
car_horn,2375
street_music,2376
siren,2377
car_horn,2381
gun_shot,2383
drilling,2385
dog_bark,2387
street_music,2391
dog_bark,2392
air_conditioner,2393
drilling,2396
dog_bark,2397
children_playing,2399
gun_shot,2400
dog_bark,2406
jackhammer,2407
jackhammer,2409
dog_bark,2417
children_playing,2422
street_music,2423
siren,2426
drilling,2429
drilling,2431
dog_bark,2434
dog_bark,2435
air_conditioner,2436
children_playing,2437
air_conditioner,2440
street_music,2442
dog_bark,2451
air_conditioner,2457
jackhammer,2459
gun_shot,2467
children_playing,2469
jackhammer,2471
dog_bark,2472
engine_idling,2475
children_playing,2476
drilling,2481
air_conditioner,2482
children_playing,2483
drilling,2486
engine_idling,2490
car_horn,2491
street_music,2492
dog_bark,2495
dog_bark,2496
jackhammer,2500
children_playing,2502
jackhammer,2504
street_music,2508
drilling,2514
street_music,2518
car_horn,2519
children_playing,2520
air_conditioner,2521
gun_shot,2522
jackhammer,2525
children_playing,2527
street_music,2528
engine_idling,2530
street_music,2533
drilling,2535
children_playing,2537
drilling,2540
drilling,2546
dog_bark,2551
gun_shot,2554
children_playing,2556
dog_bark,2559
jackhammer,2561
street_music,2562
children_playing,2563
dog_bark,2565
car_horn,2566
engine_idling,2579
dog_bark,2583
siren,2589
siren,2590
siren,2591
siren,2599
jackhammer,2602
air_conditioner,2606
gun_shot,2609
siren,2611
car_horn,2615
siren,2617
drilling,2618
drilling,2621
siren,2622
jackhammer,2626
air_conditioner,2627
drilling,2628
gun_shot,2629
siren,2630
jackhammer,2631
air_conditioner,2633
street_music,2635
engine_idling,2638
car_horn,2642
children_playing,2643
jackhammer,2649
jackhammer,2654
air_conditioner,2655
gun_shot,2656
children_playing,2660
children_playing,2663
dog_bark,2667
drilling,2670
jackhammer,2672
engine_idling,2673
street_music,2675
siren,2681
drilling,2683
dog_bark,2688
air_conditioner,2692
children_playing,2693
jackhammer,2694
children_playing,2696
car_horn,2698
air_conditioner,2701
drilling,2704
dog_bark,2708
children_playing,2712
jackhammer,2715
jackhammer,2716
engine_idling,2719
dog_bark,2720
street_music,2724
children_playing,2727
jackhammer,2729
air_conditioner,2731
street_music,2734
drilling,2735
engine_idling,2737
dog_bark,2742
jackhammer,2743
children_playing,2745
dog_bark,2748
gun_shot,2749
dog_bark,2753
engine_idling,2755
drilling,2758
drilling,2759
siren,2761
drilling,2762
street_music,2767
jackhammer,2768
engine_idling,2772
children_playing,2777
children_playing,2778
dog_bark,2782
air_conditioner,2786
jackhammer,2793
drilling,2796
dog_bark,2798
jackhammer,2799
children_playing,2803
dog_bark,2804
children_playing,2806
street_music,2809
jackhammer,2810
siren,2812
engine_idling,2814
street_music,2816
street_music,2817
gun_shot,2818
street_music,2820
jackhammer,2822
siren,2823
engine_idling,2826
dog_bark,2827
engine_idling,2833
air_conditioner,2834
car_horn,2838
siren,2839
siren,2841
children_playing,2843
jackhammer,2844
siren,2845
engine_idling,2847
drilling,2848
jackhammer,2852
dog_bark,2853
children_playing,2856
children_playing,2859
children_playing,2860
dog_bark,2861
siren,2866
drilling,2867
dog_bark,2868
children_playing,2874
engine_idling,2876
street_music,2877
car_horn,2879
jackhammer,2880
dog_bark,2882
siren,2883
jackhammer,2885
jackhammer,2886
car_horn,2888
siren,2893
children_playing,2894
dog_bark,2895
engine_idling,2897
street_music,2904
street_music,2905
children_playing,2906
jackhammer,2908
siren,2916
children_playing,2919
engine_idling,2923
drilling,2937
children_playing,2938
jackhammer,2941
drilling,2947
street_music,2948
street_music,2949
dog_bark,2952
drilling,2953
street_music,2958
jackhammer,2964
jackhammer,2965
engine_idling,2967
street_music,2968
drilling,2970
dog_bark,2973
siren,2975
street_music,2977
air_conditioner,2978
children_playing,2979
street_music,2981
air_conditioner,2985
jackhammer,2990
dog_bark,2999
dog_bark,3000
dog_bark,3002
street_music,3005
engine_idling,3007
jackhammer,3009
dog_bark,3010
street_music,3015
children_playing,3017
children_playing,3019
jackhammer,3022
engine_idling,3023
dog_bark,3025
siren,3028
engine_idling,3029
children_playing,3031
children_playing,3035
car_horn,3039
dog_bark,3040
street_music,3041
street_music,3043
engine_idling,3044
drilling,3045
air_conditioner,3047
drilling,3048
engine_idling,3049
street_music,3053
dog_bark,3057
drilling,3058
dog_bark,3059
children_playing,3064
children_playing,3065
dog_bark,3067
street_music,3072
drilling,3073
air_conditioner,3076
siren,3079
street_music,3080
jackhammer,3083
jackhammer,3084
children_playing,3086
dog_bark,3088
street_music,3090
car_horn,3093
engine_idling,3100
dog_bark,3106
jackhammer,3107
air_conditioner,3109
air_conditioner,3111
children_playing,3113
air_conditioner,3114
siren,3116
jackhammer,3119
dog_bark,3122
street_music,3124
engine_idling,3129
children_playing,3132
street_music,3134
drilling,3137
street_music,3139
children_playing,3141
street_music,3142
dog_bark,3145
children_playing,3149
engine_idling,3158
dog_bark,3166
dog_bark,3173
children_playing,3174
siren,3175
children_playing,3181
siren,3183
street_music,3184
dog_bark,3193
siren,3198
street_music,3201
drilling,3203
dog_bark,3204
children_playing,3208
siren,3210
air_conditioner,3212
siren,3217
drilling,3219
jackhammer,3222
dog_bark,3224
drilling,3228
dog_bark,3234
street_music,3241
street_music,3242
street_music,3243
children_playing,3245
children_playing,3247
drilling,3249
children_playing,3251
children_playing,3252
drilling,3253
dog_bark,3255
street_music,3256
dog_bark,3260
car_horn,3263
drilling,3265
street_music,3269
drilling,3274
dog_bark,3280
jackhammer,3282
dog_bark,3284
drilling,3287
engine_idling,3289
jackhammer,3290
street_music,3295
gun_shot,3300
drilling,3303
street_music,3304
children_playing,3309
children_playing,3311
drilling,3312
street_music,3313
drilling,3314
dog_bark,3315
children_playing,3326
dog_bark,3327
engine_idling,3329
street_music,3335
car_horn,3339
car_horn,3340
dog_bark,3341
dog_bark,3342
siren,3346
dog_bark,3348
drilling,3356
car_horn,3359
drilling,3361
children_playing,3366
siren,3368
jackhammer,3372
children_playing,3374
children_playing,3377
street_music,3378
engine_idling,3380
engine_idling,3382
street_music,3384
drilling,3385
street_music,3386
street_music,3391
gun_shot,3393
jackhammer,3396
street_music,3402
jackhammer,3403
car_horn,3405
jackhammer,3408
children_playing,3410
air_conditioner,3411
children_playing,3412
siren,3414
engine_idling,3421
street_music,3424
jackhammer,3426
siren,3427
dog_bark,3428
siren,3430
jackhammer,3431
children_playing,3438
dog_bark,3440
drilling,3447
engine_idling,3448
children_playing,3450
engine_idling,3456
jackhammer,3457
children_playing,3460
siren,3463
children_playing,3466
engine_idling,3468
street_music,3472
siren,3476
drilling,3479
car_horn,3484
street_music,3485
street_music,3487
children_playing,3488
engine_idling,3490
jackhammer,3494
street_music,3497
dog_bark,3498
dog_bark,3500
jackhammer,3502
siren,3505
street_music,3506
jackhammer,3511
drilling,3512
engine_idling,3513
street_music,3521
siren,3524
air_conditioner,3527
engine_idling,3530
siren,3532
siren,3535
air_conditioner,3541
street_music,3544
drilling,3552
engine_idling,3553
children_playing,3557
siren,3558
air_conditioner,3559
drilling,3562
siren,3563
children_playing,3564
air_conditioner,3565
gun_shot,3570
street_music,3571
siren,3572
drilling,3573
dog_bark,3575
jackhammer,3576
dog_bark,3578
gun_shot,3581
jackhammer,3586
dog_bark,3589
air_conditioner,3592
car_horn,3593
engine_idling,3594
dog_bark,3600
dog_bark,3601
dog_bark,3602
children_playing,3605
children_playing,3612
air_conditioner,3615
drilling,3616
drilling,3617
air_conditioner,3618
siren,3620
children_playing,3623
dog_bark,3625
engine_idling,3631
street_music,3633
jackhammer,3635
jackhammer,3636
siren,3638
drilling,3641
jackhammer,3643
children_playing,3650
siren,3651
drilling,3655
children_playing,3665
dog_bark,3667
street_music,3673
air_conditioner,3677
jackhammer,3684
dog_bark,3690
car_horn,3692
siren,3693
engine_idling,3694
street_music,3699
engine_idling,3701
siren,3704
engine_idling,3705
children_playing,3707
street_music,3710
siren,3712
air_conditioner,3713
children_playing,3715
street_music,3716
siren,3720
jackhammer,3722
street_music,3723
drilling,3727
dog_bark,3730
air_conditioner,3733
siren,3736
engine_idling,3737
siren,3740
engine_idling,3743
siren,3744
engine_idling,3746
children_playing,3748
siren,3755
drilling,3757
dog_bark,3761
dog_bark,3767
dog_bark,3768
engine_idling,3769
car_horn,3773
dog_bark,3774
children_playing,3775
jackhammer,3777
car_horn,3779
siren,3780
dog_bark,3786
engine_idling,3789
street_music,3793
jackhammer,3794
car_horn,3795
children_playing,3796
air_conditioner,3797
children_playing,3801
dog_bark,3802
street_music,3804
jackhammer,3807
street_music,3809
siren,3810
air_conditioner,3812
siren,3814
air_conditioner,3815
dog_bark,3817
street_music,3818
dog_bark,3824
jackhammer,3825
car_horn,3826
air_conditioner,3829
drilling,3831
jackhammer,3832
gun_shot,3835
air_conditioner,3837
siren,3841
drilling,3845
drilling,3849
car_horn,3852
car_horn,3856
children_playing,3857
engine_idling,3858
drilling,3862
children_playing,3865
dog_bark,3867
street_music,3872
jackhammer,3873
street_music,3874
children_playing,3875
jackhammer,3876
engine_idling,3892
drilling,3897
street_music,3899
air_conditioner,3901
street_music,3904
siren,3907
siren,3908
children_playing,3912
street_music,3913
engine_idling,3917
siren,3922
drilling,3923
children_playing,3926
drilling,3928
drilling,3931
children_playing,3935
jackhammer,3937
street_music,3942
dog_bark,3946
drilling,3949
drilling,3950
engine_idling,3952
engine_idling,3953
air_conditioner,3954
siren,3957
jackhammer,3958
dog_bark,3961
car_horn,3963
drilling,3964
jackhammer,3971
drilling,3974
jackhammer,3976
street_music,3977
children_playing,3979
street_music,3980
dog_bark,3989
jackhammer,3990
children_playing,3991
dog_bark,3995
jackhammer,3996
engine_idling,4005
jackhammer,4007
dog_bark,4008
drilling,4013
dog_bark,4016
street_music,4019
siren,4020
street_music,4023
engine_idling,4025
air_conditioner,4026
siren,4031
children_playing,4033
drilling,4034
engine_idling,4035
jackhammer,4036
dog_bark,4037
dog_bark,4040
siren,4042
street_music,4043
engine_idling,4047
drilling,4048
engine_idling,4051
siren,4052
siren,4053
siren,4059
jackhammer,4060
car_horn,4061
dog_bark,4063
car_horn,4065
children_playing,4071
dog_bark,4072
engine_idling,4074
dog_bark,4079
drilling,4082
street_music,4088
drilling,4090
engine_idling,4092
air_conditioner,4098
children_playing,4099
siren,4105
dog_bark,4107
dog_bark,4108
jackhammer,4109
siren,4112
dog_bark,4113
dog_bark,4114
dog_bark,4115
car_horn,4116
air_conditioner,4120
engine_idling,4124
dog_bark,4127
children_playing,4132
children_playing,4133
air_conditioner,4136
siren,4141
street_music,4144
siren,4145
siren,4147
drilling,4148
air_conditioner,4149
dog_bark,4150
jackhammer,4151
children_playing,4152
street_music,4153
siren,4154
dog_bark,4156
dog_bark,4157
siren,4165
gun_shot,4167
engine_idling,4173
street_music,4176
street_music,4177
engine_idling,4185
children_playing,4186
children_playing,4187
drilling,4188
siren,4192
dog_bark,4194
car_horn,4195
engine_idling,4196
dog_bark,4202
siren,4208
jackhammer,4209
engine_idling,4211
air_conditioner,4212
air_conditioner,4213
dog_bark,4214
siren,4215
children_playing,4219
engine_idling,4221
street_music,4223
dog_bark,4225
dog_bark,4229
air_conditioner,4230
jackhammer,4233
children_playing,4237
children_playing,4238
dog_bark,4240
drilling,4243
air_conditioner,4245
drilling,4250
siren,4251
engine_idling,4258
street_music,4259
dog_bark,4261
siren,4264
gun_shot,4266
dog_bark,4268
engine_idling,4269
air_conditioner,4270
street_music,4271
jackhammer,4275
engine_idling,4276
siren,4280
engine_idling,4282
siren,4283
dog_bark,4284
engine_idling,4292
children_playing,4294
children_playing,4295
street_music,4296
dog_bark,4298
siren,4300
air_conditioner,4302
street_music,4304
children_playing,4305
jackhammer,4306
siren,4308
dog_bark,4309
engine_idling,4310
siren,4312
air_conditioner,4315
engine_idling,4318
air_conditioner,4321
dog_bark,4322
children_playing,4325
street_music,4329
dog_bark,4330
gun_shot,4332
siren,4334
street_music,4336
drilling,4339
air_conditioner,4340
street_music,4342
street_music,4343
drilling,4344
car_horn,4345
children_playing,4347
jackhammer,4348
street_music,4354
siren,4355
dog_bark,4357
drilling,4360
gun_shot,4368
jackhammer,4370
engine_idling,4373
gun_shot,4376
jackhammer,4377
street_music,4380
dog_bark,4383
engine_idling,4385
dog_bark,4387
engine_idling,4388
jackhammer,4391
drilling,4395
engine_idling,4398
engine_idling,4399
air_conditioner,4402
dog_bark,4403
dog_bark,4404
siren,4405
jackhammer,4407
engine_idling,4409
engine_idling,4410
children_playing,4414
air_conditioner,4419
car_horn,4421
air_conditioner,4423
siren,4434
jackhammer,4435
air_conditioner,4441
dog_bark,4445
car_horn,4447
siren,4448
jackhammer,4452
children_playing,4455
siren,4457
street_music,4460
jackhammer,4465
car_horn,4466
dog_bark,4468
children_playing,4469
drilling,4470
children_playing,4471
children_playing,4477
street_music,4478
siren,4479
street_music,4484
street_music,4488
jackhammer,4489
jackhammer,4494
drilling,4495
engine_idling,4496
air_conditioner,4497
engine_idling,4501
drilling,4505
street_music,4507
gun_shot,4508
children_playing,4512
children_playing,4516
gun_shot,4517
siren,4518
car_horn,4519
street_music,4520
dog_bark,4524
siren,4533
jackhammer,4537
jackhammer,4538
gun_shot,4543
siren,4544
siren,4546
drilling,4548
street_music,4550
children_playing,4551
drilling,4552
children_playing,4553
drilling,4555
drilling,4558
children_playing,4560
children_playing,4564
dog_bark,4565
car_horn,4567
dog_bark,4576
street_music,4577
drilling,4579
street_music,4580
dog_bark,4582
siren,4586
jackhammer,4587
dog_bark,4588
children_playing,4590
engine_idling,4591
dog_bark,4593
jackhammer,4594
dog_bark,4596
dog_bark,4597
engine_idling,4600
drilling,4603
children_playing,4605
street_music,4606
jackhammer,4608
air_conditioner,4615
drilling,4620
siren,4621
jackhammer,4624
siren,4626
dog_bark,4627
jackhammer,4631
dog_bark,4638
dog_bark,4639
siren,4642
drilling,4644
jackhammer,4649
car_horn,4654
air_conditioner,4656
siren,4660
siren,4664
dog_bark,4670
dog_bark,4671
children_playing,4673
drilling,4675
street_music,4678
street_music,4681
siren,4687
drilling,4689
dog_bark,4691
street_music,4694
drilling,4696
dog_bark,4699
jackhammer,4700
jackhammer,4701
dog_bark,4706
siren,4709
jackhammer,4710
gun_shot,4711
children_playing,4712
children_playing,4713
children_playing,4717
jackhammer,4719
air_conditioner,4720
street_music,4727
air_conditioner,4731
children_playing,4734
street_music,4738
siren,4744
jackhammer,4751
dog_bark,4757
drilling,4760
dog_bark,4761
car_horn,4765
children_playing,4768
drilling,4771
engine_idling,4772
engine_idling,4773
air_conditioner,4774
jackhammer,4777
engine_idling,4779
air_conditioner,4780
car_horn,4782
air_conditioner,4797
children_playing,4798
drilling,4802
siren,4808
engine_idling,4809
dog_bark,4811
children_playing,4812
siren,4813
gun_shot,4814
dog_bark,4815
street_music,4816
street_music,4817
siren,4818
children_playing,4819
drilling,4825
children_playing,4831
dog_bark,4838
siren,4841
air_conditioner,4845
air_conditioner,4848
children_playing,4849
jackhammer,4850
dog_bark,4855
dog_bark,4856
jackhammer,4859
drilling,4862
gun_shot,4865
car_horn,4868
dog_bark,4869
engine_idling,4871
siren,4872
dog_bark,4874
siren,4875
dog_bark,4876
gun_shot,4878
siren,4882
jackhammer,4885
dog_bark,4891
children_playing,4892
dog_bark,4893
engine_idling,4897
dog_bark,4898
dog_bark,4901
children_playing,4908
children_playing,4910
drilling,4915
dog_bark,4922
drilling,4929
siren,4930
dog_bark,4932
drilling,4933
children_playing,4935
children_playing,4936
children_playing,4939
dog_bark,4941
street_music,4944
jackhammer,4946
engine_idling,4949
children_playing,4951
dog_bark,4954
jackhammer,4955
dog_bark,4957
dog_bark,4958
air_conditioner,4967
street_music,4969
street_music,4971
jackhammer,4975
drilling,4977
gun_shot,4978
children_playing,4979
children_playing,4980
children_playing,4981
dog_bark,4982
drilling,4983
engine_idling,4987
drilling,4995
air_conditioner,4998
street_music,4999
children_playing,5000
dog_bark,5006
siren,5007
siren,5008
air_conditioner,5009
siren,5012
children_playing,5014
street_music,5015
street_music,5016
air_conditioner,5018
siren,5020
siren,5024
jackhammer,5026
jackhammer,5027
engine_idling,5030
drilling,5036
air_conditioner,5039
dog_bark,5041
children_playing,5047
jackhammer,5048
siren,5050
engine_idling,5053
engine_idling,5054
street_music,5056
drilling,5061
drilling,5062
siren,5066
gun_shot,5070
jackhammer,5078
car_horn,5079
dog_bark,5080
engine_idling,5083
jackhammer,5086
children_playing,5087
jackhammer,5090
siren,5091
drilling,5093
siren,5097
engine_idling,5098
children_playing,5101
engine_idling,5102
jackhammer,5104
street_music,5105
street_music,5108
street_music,5111
engine_idling,5113
drilling,5115
car_horn,5116
dog_bark,5120
drilling,5123
children_playing,5124
siren,5126
gun_shot,5131
dog_bark,5136
jackhammer,5137
air_conditioner,5139
street_music,5143
street_music,5144
street_music,5145
engine_idling,5150
gun_shot,5152
children_playing,5153
dog_bark,5155
engine_idling,5156
air_conditioner,5160
engine_idling,5161
street_music,5162
gun_shot,5163
children_playing,5164
dog_bark,5166
dog_bark,5167
jackhammer,5168
children_playing,5170
siren,5179
dog_bark,5182
siren,5184
jackhammer,5185
gun_shot,5187
jackhammer,5192
gun_shot,5193
children_playing,5194
drilling,5197
jackhammer,5203
engine_idling,5204
siren,5207
children_playing,5208
jackhammer,5212
jackhammer,5213
drilling,5215
dog_bark,5220
children_playing,5222
siren,5224
dog_bark,5229
siren,5230
dog_bark,5231
car_horn,5232
dog_bark,5235
drilling,5238
jackhammer,5240
drilling,5242
children_playing,5245
street_music,5249
jackhammer,5250
dog_bark,5252
drilling,5254
dog_bark,5256
dog_bark,5258
jackhammer,5260
drilling,5261
siren,5267
jackhammer,5269
car_horn,5273
street_music,5274
siren,5275
gun_shot,5276
street_music,5280
drilling,5282
siren,5285
jackhammer,5286
gun_shot,5287
children_playing,5288
gun_shot,5293
dog_bark,5295
dog_bark,5296
street_music,5298
children_playing,5300
children_playing,5301
dog_bark,5303
jackhammer,5305
engine_idling,5306
jackhammer,5311
dog_bark,5317
engine_idling,5318
drilling,5325
engine_idling,5327
siren,5330
air_conditioner,5332
street_music,5334
children_playing,5335
gun_shot,5337
children_playing,5339
siren,5341
air_conditioner,5342
children_playing,5346
air_conditioner,5349
dog_bark,5354
drilling,5355
children_playing,5358
siren,5362
dog_bark,5363
dog_bark,5365
dog_bark,5366
drilling,5367
drilling,5368
siren,5372
jackhammer,5375
dog_bark,5377
siren,5379
jackhammer,5381
street_music,5383
street_music,5386
drilling,5387
siren,5388
dog_bark,5392
children_playing,5393
jackhammer,5396
street_music,5399
siren,5401
street_music,5402
street_music,5404
air_conditioner,5408
dog_bark,5410
engine_idling,5413
air_conditioner,5419
jackhammer,5420
street_music,5421
street_music,5422
street_music,5424
air_conditioner,5425
engine_idling,5428
engine_idling,5430
car_horn,5431
dog_bark,5434
jackhammer,5439
drilling,5440
street_music,5442
street_music,5443
children_playing,5446
jackhammer,5449
jackhammer,5450
children_playing,5451
air_conditioner,5453
jackhammer,5454
car_horn,5455
street_music,5457
children_playing,5458
children_playing,5462
children_playing,5463
street_music,5464
siren,5467
jackhammer,5468
siren,5469
siren,5470
children_playing,5471
gun_shot,5474
street_music,5475
dog_bark,5478
car_horn,5479
drilling,5482
children_playing,5484
air_conditioner,5485
air_conditioner,5490
dog_bark,5491
jackhammer,5496
street_music,5500
siren,5501
children_playing,5502
gun_shot,5506
air_conditioner,5510
dog_bark,5516
dog_bark,5517
street_music,5520
siren,5525
gun_shot,5527
jackhammer,5529
gun_shot,5531
siren,5532
engine_idling,5536
street_music,5538
dog_bark,5539
car_horn,5541
street_music,5549
children_playing,5550
car_horn,5551
gun_shot,5552
children_playing,5555
drilling,5563
street_music,5567
street_music,5568
siren,5569
jackhammer,5573
children_playing,5575
drilling,5576
children_playing,5578
gun_shot,5579
street_music,5580
street_music,5581
drilling,5584
dog_bark,5590
drilling,5591
street_music,5593
street_music,5595
dog_bark,5596
dog_bark,5602
dog_bark,5603
dog_bark,5604
drilling,5606
street_music,5608
dog_bark,5617
street_music,5618
street_music,5620
jackhammer,5621
engine_idling,5622
drilling,5629
children_playing,5630
children_playing,5632
jackhammer,5633
street_music,5636
street_music,5643
street_music,5646
car_horn,5647
siren,5648
dog_bark,5651
children_playing,5656
drilling,5657
jackhammer,5665
drilling,5666
siren,5667
children_playing,5674
children_playing,5675
drilling,5677
siren,5679
air_conditioner,5685
siren,5686
jackhammer,5688
engine_idling,5693
children_playing,5694
gun_shot,5696
siren,5700
siren,5703
dog_bark,5708
drilling,5717
jackhammer,5718
gun_shot,5720
street_music,5727
jackhammer,5728
car_horn,5729
street_music,5737
siren,5738
jackhammer,5743
engine_idling,5747
dog_bark,5748
children_playing,5749
jackhammer,5752
children_playing,5753
street_music,5754
gun_shot,5756
street_music,5759
street_music,5766
children_playing,5775
car_horn,5776
car_horn,5777
siren,5779
siren,5781
drilling,5782
engine_idling,5785
engine_idling,5787
air_conditioner,5789
engine_idling,5792
drilling,5793
air_conditioner,5794
street_music,5795
dog_bark,5797
dog_bark,5798
engine_idling,5801
car_horn,5803
siren,5804
air_conditioner,5805
siren,5807
car_horn,5809
children_playing,5810
dog_bark,5811
siren,5812
children_playing,5814
siren,5819
air_conditioner,5821
drilling,5823
dog_bark,5828
engine_idling,5830
siren,5831
siren,5834
dog_bark,5836
engine_idling,5838
gun_shot,5839
siren,5843
engine_idling,5845
siren,5846
dog_bark,5849
jackhammer,5853
jackhammer,5855
siren,5860
children_playing,5861
air_conditioner,5866
street_music,5868
gun_shot,5872
dog_bark,5873
children_playing,5875
street_music,5878
siren,5880
jackhammer,5883
children_playing,5884
street_music,5885
street_music,5894
engine_idling,5895
engine_idling,5896
siren,5898
siren,5899
street_music,5905
jackhammer,5910
street_music,5911
jackhammer,5913
jackhammer,5916
siren,5919
jackhammer,5920
drilling,5923
gun_shot,5924
siren,5929
jackhammer,5930
dog_bark,5931
children_playing,5935
children_playing,5938
siren,5939
children_playing,5945
dog_bark,5946
engine_idling,5955
drilling,5956
street_music,5958
jackhammer,5959
children_playing,5961
dog_bark,5965
children_playing,5967
siren,5969
air_conditioner,5970
air_conditioner,5971
engine_idling,5972
street_music,5973
drilling,5974
drilling,5975
drilling,5978
children_playing,5979
air_conditioner,5981
siren,5986
jackhammer,5987
siren,5991
siren,5993
siren,5998
engine_idling,6000
street_music,6006
car_horn,6008
dog_bark,6011
drilling,6018
engine_idling,6024
children_playing,6028
street_music,6032
drilling,6036
children_playing,6037
dog_bark,6038
children_playing,6039
dog_bark,6042
jackhammer,6043
street_music,6044
street_music,6045
drilling,6048
dog_bark,6052
jackhammer,6057
dog_bark,6058
car_horn,6060
dog_bark,6062
engine_idling,6064
jackhammer,6065
dog_bark,6067
car_horn,6069
street_music,6071
engine_idling,6073
siren,6075
street_music,6076
siren,6078
jackhammer,6084
dog_bark,6090
dog_bark,6093
dog_bark,6097
siren,6102
drilling,6105
siren,6106
jackhammer,6110
car_horn,6111
jackhammer,6112
street_music,6113
siren,6114
dog_bark,6122
engine_idling,6124
street_music,6125
children_playing,6126
jackhammer,6127
children_playing,6128
children_playing,6135
children_playing,6143
jackhammer,6146
gun_shot,6147
dog_bark,6148
dog_bark,6150
car_horn,6155
jackhammer,6157
dog_bark,6164
siren,6166
siren,6167
air_conditioner,6168
jackhammer,6176
gun_shot,6178
jackhammer,6182
air_conditioner,6184
dog_bark,6185
car_horn,6186
siren,6190
dog_bark,6192
drilling,6195
siren,6199
street_music,6200
drilling,6201
drilling,6202
dog_bark,6203
children_playing,6207
air_conditioner,6208
siren,6209
siren,6216
jackhammer,6218
children_playing,6221
siren,6223
street_music,6225
jackhammer,6226
children_playing,6228
siren,6231
children_playing,6233
engine_idling,6236
street_music,6237
drilling,6238
dog_bark,6240
air_conditioner,6242
dog_bark,6246
gun_shot,6250
jackhammer,6251
gun_shot,6252
dog_bark,6253
dog_bark,6254
children_playing,6257
air_conditioner,6261
children_playing,6264
dog_bark,6267
jackhammer,6269
drilling,6273
engine_idling,6275
drilling,6276
street_music,6277
air_conditioner,6280
jackhammer,6281
drilling,6285
drilling,6289
car_horn,6299
drilling,6301
car_horn,6302
gun_shot,6303
jackhammer,6306
siren,6307
engine_idling,6312
children_playing,6313
drilling,6315
dog_bark,6316
dog_bark,6320
siren,6325
car_horn,6330
car_horn,6334
siren,6342
street_music,6344
jackhammer,6349
engine_idling,6350
siren,6352
children_playing,6353
engine_idling,6356
dog_bark,6360
engine_idling,6361
dog_bark,6362
air_conditioner,6363
car_horn,6365
jackhammer,6368
dog_bark,6369
children_playing,6373
street_music,6383
air_conditioner,6384
car_horn,6385
air_conditioner,6386
drilling,6388
jackhammer,6390
drilling,6391
gun_shot,6396
drilling,6397
dog_bark,6398
car_horn,6399
siren,6400
drilling,6401
engine_idling,6405
street_music,6406
gun_shot,6407
siren,6410
street_music,6415
street_music,6419
siren,6421
dog_bark,6425
children_playing,6428
siren,6429
siren,6430
siren,6433
engine_idling,6438
air_conditioner,6439
engine_idling,6444
drilling,6447
children_playing,6458
air_conditioner,6465
siren,6470
street_music,6471
dog_bark,6472
dog_bark,6476
siren,6479
engine_idling,6481
children_playing,6482
dog_bark,6485
drilling,6488
street_music,6489
engine_idling,6491
air_conditioner,6492
drilling,6494
street_music,6495
car_horn,6499
street_music,6501
dog_bark,6503
children_playing,6504
siren,6513
siren,6514
drilling,6519
engine_idling,6525
children_playing,6526
jackhammer,6532
street_music,6533
car_horn,6538
dog_bark,6539
jackhammer,6540
dog_bark,6541
children_playing,6545
jackhammer,6554
air_conditioner,6561
drilling,6564
jackhammer,6567
engine_idling,6569
siren,6571
gun_shot,6576
air_conditioner,6577
jackhammer,6578
jackhammer,6581
engine_idling,6582
drilling,6584
children_playing,6585
street_music,6586
street_music,6587
drilling,6588
engine_idling,6590
engine_idling,6591
siren,6593
car_horn,6594
jackhammer,6597
drilling,6598
street_music,6601
street_music,6605
jackhammer,6611
dog_bark,6612
car_horn,6613
air_conditioner,6615
engine_idling,6617
siren,6622
gun_shot,6624
street_music,6625
siren,6627
dog_bark,6632
engine_idling,6636
jackhammer,6639
air_conditioner,6645
siren,6646
dog_bark,6650
car_horn,6657
jackhammer,6658
siren,6663
air_conditioner,6666
siren,6669
engine_idling,6670
children_playing,6672
engine_idling,6673
car_horn,6675
dog_bark,6678
gun_shot,6680
dog_bark,6682
drilling,6684
children_playing,6685
siren,6686
dog_bark,6687
jackhammer,6688
children_playing,6690
engine_idling,6695
gun_shot,6697
street_music,6699
children_playing,6700
jackhammer,6701
children_playing,6702
dog_bark,6704
air_conditioner,6705
siren,6706
engine_idling,6707
gun_shot,6709
dog_bark,6711
engine_idling,6713
siren,6718
siren,6720
air_conditioner,6727
street_music,6733
drilling,6743
siren,6744
jackhammer,6745
jackhammer,6751
street_music,6756
street_music,6758
jackhammer,6761
gun_shot,6762
jackhammer,6766
drilling,6776
jackhammer,6780
siren,6784
air_conditioner,6785
street_music,6787
drilling,6788
siren,6789
siren,6794
drilling,6795
children_playing,6796
drilling,6798
jackhammer,6799
engine_idling,6801
engine_idling,6803
drilling,6805
car_horn,6806
gun_shot,6807
engine_idling,6808
jackhammer,6809
siren,6814
car_horn,6825
dog_bark,6827
street_music,6828
gun_shot,6833
dog_bark,6834
street_music,6838
jackhammer,6842
children_playing,6843
siren,6845
car_horn,6848
dog_bark,6849
drilling,6854
dog_bark,6858
jackhammer,6859
children_playing,6861
dog_bark,6862
siren,6863
siren,6867
children_playing,6868
gun_shot,6870
children_playing,6873
jackhammer,6874
gun_shot,6876
children_playing,6884
children_playing,6885
dog_bark,6887
drilling,6890
engine_idling,6894
dog_bark,6897
dog_bark,6899
engine_idling,6904
children_playing,6905
jackhammer,6913
gun_shot,6916
air_conditioner,6917
dog_bark,6919
drilling,6921
siren,6924
air_conditioner,6927
siren,6930
street_music,6936
drilling,6940
drilling,6941
siren,6944
dog_bark,6950
drilling,6951
siren,6952
street_music,6953
dog_bark,6957
drilling,6959
air_conditioner,6960
siren,6962
car_horn,6964
gun_shot,6968
air_conditioner,6972
jackhammer,6978
children_playing,6980
air_conditioner,6983
drilling,6987
siren,6988
children_playing,6989
car_horn,6994
siren,6995
engine_idling,6996
dog_bark,6997
dog_bark,7011
drilling,7021
drilling,7023
dog_bark,7024
engine_idling,7033
jackhammer,7034
siren,7037
jackhammer,7038
street_music,7043
gun_shot,7044
dog_bark,7045
siren,7047
air_conditioner,7050
engine_idling,7056
siren,7058
dog_bark,7071
street_music,7080
children_playing,7089
gun_shot,7090
drilling,7092
street_music,7093
engine_idling,7097
engine_idling,7098
street_music,7099
dog_bark,7101
engine_idling,7102
siren,7103
siren,7104
car_horn,7106
gun_shot,7117
dog_bark,7119
children_playing,7120
air_conditioner,7122
children_playing,7123
street_music,7125
siren,7127
dog_bark,7128
jackhammer,7130
siren,7132
drilling,7134
car_horn,7135
siren,7139
jackhammer,7146
children_playing,7147
jackhammer,7152
children_playing,7158
car_horn,7160
jackhammer,7164
air_conditioner,7165
siren,7166
jackhammer,7167
siren,7168
siren,7173
drilling,7181
car_horn,7182
gun_shot,7183
children_playing,7184
dog_bark,7186
jackhammer,7188
drilling,7189
air_conditioner,7192
jackhammer,7193
jackhammer,7199
engine_idling,7208
dog_bark,7209
gun_shot,7210
engine_idling,7214
drilling,7219
jackhammer,7220
children_playing,7225
air_conditioner,7229
dog_bark,7230
children_playing,7234
siren,7236
siren,7237
engine_idling,7238
dog_bark,7239
gun_shot,7243
engine_idling,7246
drilling,7248
children_playing,7254
dog_bark,7255
children_playing,7261
children_playing,7266
engine_idling,7267
air_conditioner,7268
engine_idling,7270
dog_bark,7271
street_music,7273
siren,7276
jackhammer,7281
siren,7282
drilling,7283
children_playing,7286
engine_idling,7288
siren,7289
engine_idling,7290
street_music,7291
street_music,7293
air_conditioner,7295
drilling,7296
street_music,7299
air_conditioner,7300
jackhammer,7301
jackhammer,7303
jackhammer,7304
children_playing,7306
drilling,7308
drilling,7310
children_playing,7312
dog_bark,7314
drilling,7317
car_horn,7318
jackhammer,7324
dog_bark,7325
children_playing,7327
street_music,7334
air_conditioner,7335
jackhammer,7339
siren,7341
siren,7342
drilling,7348
dog_bark,7350
car_horn,7351
engine_idling,7353
gun_shot,7355
children_playing,7356
gun_shot,7357
drilling,7363
siren,7365
drilling,7368
jackhammer,7371
engine_idling,7373
dog_bark,7390
gun_shot,7391
air_conditioner,7393
air_conditioner,7394
engine_idling,7395
siren,7396
siren,7397
street_music,7402
street_music,7406
street_music,7407
dog_bark,7411
air_conditioner,7413
children_playing,7415
drilling,7416
children_playing,7420
street_music,7421
children_playing,7422
dog_bark,7427
dog_bark,7428
children_playing,7433
street_music,7434
siren,7435
siren,7438
siren,7440
drilling,7441
car_horn,7442
drilling,7444
dog_bark,7445
street_music,7453
jackhammer,7454
siren,7461
engine_idling,7464
drilling,7466
drilling,7470
siren,7473
children_playing,7474
dog_bark,7477
drilling,7480
drilling,7481
dog_bark,7484
engine_idling,7485
siren,7486
street_music,7487
engine_idling,7489
drilling,7491
car_horn,7492
dog_bark,7496
street_music,7498
siren,7502
street_music,7511
street_music,7512
siren,7514
air_conditioner,7515
dog_bark,7517
children_playing,7526
air_conditioner,7527
children_playing,7533
engine_idling,7534
gun_shot,7535
street_music,7536
siren,7537
jackhammer,7540
engine_idling,7544
dog_bark,7545
children_playing,7546
dog_bark,7549
drilling,7551
street_music,7554
siren,7555
gun_shot,7557
drilling,7559
siren,7562
children_playing,7564
drilling,7571
street_music,7572
air_conditioner,7575
children_playing,7583
engine_idling,7587
car_horn,7588
jackhammer,7590
dog_bark,7591
dog_bark,7594
jackhammer,7603
car_horn,7605
children_playing,7606
air_conditioner,7608
jackhammer,7615
car_horn,7616
car_horn,7621
drilling,7624
siren,7627
street_music,7628
drilling,7630
dog_bark,7632
air_conditioner,7635
children_playing,7637
engine_idling,7640
street_music,7643
drilling,7647
jackhammer,7649
street_music,7652
siren,7654
engine_idling,7658
dog_bark,7659
street_music,7660
siren,7661
jackhammer,7662
dog_bark,7663
dog_bark,7666
children_playing,7667
drilling,7668
siren,7670
children_playing,7676
dog_bark,7678
dog_bark,7684
street_music,7691
car_horn,7692
jackhammer,7693
siren,7695
jackhammer,7698
siren,7701
jackhammer,7703
gun_shot,7704
street_music,7708
gun_shot,7709
drilling,7714
dog_bark,7716
air_conditioner,7717
dog_bark,7719
children_playing,7722
street_music,7728
car_horn,7731
dog_bark,7732
street_music,7737
jackhammer,7741
jackhammer,7746
jackhammer,7749
siren,7752
dog_bark,7753
drilling,7755
gun_shot,7757
drilling,7758
air_conditioner,7760
jackhammer,7763
car_horn,7764
jackhammer,7767
siren,7771
car_horn,7772
siren,7773
air_conditioner,7774
siren,7778
drilling,7781
engine_idling,7782
air_conditioner,7786
siren,7789
jackhammer,7790
engine_idling,7793
engine_idling,7794
street_music,7797
siren,7798
siren,7799
drilling,7801
children_playing,7803
dog_bark,7805
car_horn,7808
children_playing,7809
children_playing,7811
dog_bark,7812
jackhammer,7815
siren,7816
street_music,7820
dog_bark,7823
street_music,7832
jackhammer,7834
dog_bark,7840
street_music,7841
engine_idling,7847
siren,7848
drilling,7849
children_playing,7851
jackhammer,7852
children_playing,7857
dog_bark,7859
siren,7863
siren,7864
car_horn,7866
street_music,7877
engine_idling,7878
gun_shot,7884
jackhammer,7885
dog_bark,7886
jackhammer,7887
engine_idling,7888
air_conditioner,7889
street_music,7894
engine_idling,7895
siren,7902
street_music,7903
street_music,7905
drilling,7906
jackhammer,7907
children_playing,7912
children_playing,7913
children_playing,7915
drilling,7921
street_music,7923
dog_bark,7924
siren,7925
children_playing,7926
street_music,7934
street_music,7937
dog_bark,7940
street_music,7945
street_music,7947
street_music,7948
car_horn,7950
dog_bark,7953
drilling,7957
street_music,7958
siren,7960
drilling,7962
air_conditioner,7967
dog_bark,7968
drilling,7971
street_music,7972
dog_bark,7973
street_music,7974
children_playing,7983
drilling,7984
engine_idling,7986
children_playing,7987
street_music,7991
air_conditioner,8001
siren,8003
jackhammer,8005
street_music,8006
engine_idling,8007
air_conditioner,8010
children_playing,8011
siren,8015
engine_idling,8017
engine_idling,8018
street_music,8019
siren,8023
engine_idling,8026
siren,8030
drilling,8031
children_playing,8038
jackhammer,8039
drilling,8040
engine_idling,8041
siren,8044
jackhammer,8045
drilling,8051
children_playing,8054
dog_bark,8056
street_music,8059
drilling,8063
jackhammer,8065
engine_idling,8066
street_music,8070
street_music,8082
gun_shot,8083
engine_idling,8087
engine_idling,8089
dog_bark,8091
drilling,8094
street_music,8096
street_music,8098
street_music,8102
dog_bark,8107
drilling,8109
dog_bark,8112
street_music,8113
jackhammer,8115
jackhammer,8116
siren,8117
children_playing,8120
children_playing,8121
air_conditioner,8123
jackhammer,8124
air_conditioner,8126
car_horn,8129
jackhammer,8132
engine_idling,8134
children_playing,8136
gun_shot,8138
jackhammer,8139
children_playing,8141
street_music,8147
engine_idling,8149
dog_bark,8153
engine_idling,8157
car_horn,8158
engine_idling,8159
children_playing,8160
children_playing,8162
siren,8163
street_music,8164
drilling,8165
engine_idling,8169
children_playing,8170
street_music,8175
drilling,8178
street_music,8179
children_playing,8186
siren,8196
dog_bark,8197
street_music,8198
drilling,8203
street_music,8204
engine_idling,8206
street_music,8207
jackhammer,8209
engine_idling,8212
children_playing,8214
dog_bark,8218
car_horn,8222
car_horn,8223
children_playing,8224
air_conditioner,8225
drilling,8226
jackhammer,8230
siren,8235
jackhammer,8237
children_playing,8240
drilling,8242
jackhammer,8245
drilling,8248
street_music,8250
children_playing,8254
dog_bark,8255
drilling,8256
drilling,8267
jackhammer,8269
street_music,8273
jackhammer,8275
dog_bark,8276
engine_idling,8278
drilling,8281
jackhammer,8284
siren,8286
children_playing,8288
drilling,8290
drilling,8291
jackhammer,8292
engine_idling,8295
siren,8298
jackhammer,8301
drilling,8303
siren,8304
dog_bark,8309
jackhammer,8312
children_playing,8316
dog_bark,8319
dog_bark,8320
street_music,8321
dog_bark,8326
engine_idling,8328
dog_bark,8329
children_playing,8331
gun_shot,8336
engine_idling,8339
jackhammer,8340
dog_bark,8341
siren,8342
street_music,8343
dog_bark,8348
siren,8349
dog_bark,8350
street_music,8355
children_playing,8358
children_playing,8359
engine_idling,8362
dog_bark,8363
siren,8367
street_music,8371
children_playing,8372
siren,8373
car_horn,8374
siren,8375
engine_idling,8376
children_playing,8379
dog_bark,8383
air_conditioner,8385
dog_bark,8388
dog_bark,8389
dog_bark,8390
dog_bark,8394
engine_idling,8398
street_music,8400
jackhammer,8402
air_conditioner,8404
air_conditioner,8405
drilling,8408
dog_bark,8413
dog_bark,8414
dog_bark,8415
drilling,8418
drilling,8423
dog_bark,8426
dog_bark,8433
street_music,8436
children_playing,8439
gun_shot,8451
dog_bark,8452
siren,8454
children_playing,8455
drilling,8456
engine_idling,8461
dog_bark,8463
street_music,8468
engine_idling,8478
engine_idling,8480
children_playing,8481
street_music,8487
jackhammer,8488
children_playing,8489
air_conditioner,8490
street_music,8494
street_music,8495
jackhammer,8497
dog_bark,8504
jackhammer,8505
street_music,8506
siren,8509
siren,8516
street_music,8517
siren,8521
air_conditioner,8525
dog_bark,8528
dog_bark,8529
drilling,8530
drilling,8532
air_conditioner,8533
street_music,8537
jackhammer,8541
engine_idling,8545
siren,8548
car_horn,8549
jackhammer,8550
engine_idling,8551
children_playing,8554
jackhammer,8555
drilling,8556
children_playing,8557
street_music,8559
children_playing,8561
dog_bark,8563
street_music,8566
air_conditioner,8567
siren,8572
air_conditioner,8573
engine_idling,8574
children_playing,8576
children_playing,8577
engine_idling,8583
street_music,8585
drilling,8591
drilling,8592
street_music,8593
siren,8600
siren,8601
siren,8602
dog_bark,8606
jackhammer,8608
dog_bark,8619
siren,8622
engine_idling,8623
drilling,8629
dog_bark,8631
siren,8633
street_music,8634
siren,8638
drilling,8642
street_music,8645
jackhammer,8647
dog_bark,8648
siren,8652
drilling,8655
jackhammer,8661
dog_bark,8662
street_music,8668
street_music,8669
jackhammer,8671
jackhammer,8672
dog_bark,8674
jackhammer,8680
air_conditioner,8683
street_music,8686
street_music,8687
engine_idling,8688
children_playing,8689
dog_bark,8692
air_conditioner,8696
siren,8697
street_music,8698
engine_idling,8700
drilling,8702
drilling,8708
children_playing,8718
jackhammer,8719
engine_idling,8730
siren,8731
